{"lst_night": {"mean": 20.02902850721224, "std": 4.8347701035649715}, "lst_day": {"mean": 34.81441970190491, "std": 6.407296815399471}, "precip": {"mean": 70.35054918709278, "std": 79.97758258548158}, "sm": {"mean": 0.185001452379055, "std": 0.07275795843782899}, "spi": {"mean": 0.10414542081040823, "std": 0.98763159333}, "spei": {"mean": 0.14068466310471373, "std": 0.9605460353853802}, "ndvi": {"mean": 0.40513911424319093, "std": 0.1855618168485227}, "evi": {"mean": 0.23928123560173498, "std": 0.12185360875149595}}